{"cameraMode":{"drawMode":0,"name":"Shaded","section":"Shading Mode"},"sceneLighting":false,"audioPlay":false,"sceneViewState":{"showFog":true,"showMaterialUpdate":false,"showSkybox":false,"showFlares":true,"showImageEffects":true,"showParticleSystems":true},"in2DMode":false,"pivot":{"x":13.829402923583985,"y":-4.415277481079102,"z":-3.2575583457946779},"rotation":{"x":0.16313564777374268,"y":0.7880347371101379,"z":-0.23601841926574708,"w":0.5446913242340088},"size":13.623387336730957,"orthographic":false}