{"cameraMode":{"drawMode":0,"name":"Shaded","section":"Shading Mode"},"sceneLighting":false,"audioPlay":false,"sceneViewState":{"showFog":true,"showMaterialUpdate":false,"showSkybox":false,"showFlares":true,"showImageEffects":true,"showParticleSystems":true},"in2DMode":false,"pivot":{"x":0.38999998569488528,"y":0.24000000953674317,"z":-1.3400001525878907},"rotation":{"x":0.18338266015052796,"y":0.02801261469721794,"z":-0.005228521768003702,"w":0.9826368689537048},"size":2.4494898319244386,"orthographic":false}