{"cameraMode":{"drawMode":0,"name":"Shaded","section":"Shading Mode"},"sceneLighting":false,"audioPlay":false,"sceneViewState":{"showFog":true,"showMaterialUpdate":true,"showSkybox":false,"showFlares":true,"showImageEffects":true,"showParticleSystems":true},"in2DMode":false,"pivot":{"x":-2.1599998474121095,"y":-0.029999971389770509,"z":7.779999732971191},"rotation":{"x":-0.15279486775398255,"y":0.7376963496208191,"z":-0.17828655242919923,"w":-0.6330935955047607},"size":2.9581563472747804,"orthographic":false}