{"cameraMode":{"drawMode":0,"name":"Shaded","section":"Shading Mode"},"sceneLighting":true,"audioPlay":false,"sceneViewState":{"showFog":true,"showMaterialUpdate":true,"showSkybox":true,"showFlares":true,"showImageEffects":true,"showParticleSystems":true},"in2DMode":false,"pivot":{"x":-13.881108283996582,"y":-8.784587860107422,"z":63.02783966064453},"rotation":{"x":0.22733256220817567,"y":-0.15955288708209992,"z":0.03766808658838272,"w":0.9600148797035217},"size":22.4453067779541,"orthographic":false}