{"cameraMode":{"drawMode":0,"name":"Shaded","section":"Shading Mode"},"sceneLighting":false,"audioPlay":false,"sceneViewState":{"showFog":true,"showMaterialUpdate":true,"showSkybox":false,"showFlares":true,"showImageEffects":true,"showParticleSystems":true},"in2DMode":false,"pivot":{"x":5.765623569488525,"y":-5.802724838256836,"z":-18.988719940185548},"rotation":{"x":-0.08423920720815659,"y":-0.915719211101532,"z":0.26674723625183108,"w":-0.2886357605457306},"size":6.607396125793457,"orthographic":false}